Trains,Buses,AvgServiceTime,LongestServiceTime,CompletedJobs
1,1,640.96,1317.78,38399
1,11,394.51,1629.61,67301
1,21,306.20,1533.60,74729
1,31,300.74,1541.41,74812
1,41,261.71,1492.86,74379
1,51,252.20,1531.99,74459
1,61,255.08,1534.15,74518
1,71,279.06,1502.04,75074
1,81,253.49,1535.55,74638
1,91,260.61,1492.27,74543
1,101,252.64,1582.34,74667
1,111,263.92,1492.20,74739
1,121,254.45,1498.26,74563
1,131,286.67,1487.78,74681
1,141,260.15,1505.41,74711
1,151,260.73,1499.82,74639
1,161,257.80,1497.73,74679
1,171,252.21,1498.08,74526
1,181,257.37,1497.57,74389
1,191,253.25,1497.63,74247
1,201,258.47,1619.27,74382
1,211,260.77,1488.11,74831
1,221,256.96,1506.00,74234
1,231,257.58,1505.31,74349
1,241,252.66,1499.16,74532
1,251,265.69,1577.68,74755
1,261,253.38,1506.73,74757
1,271,260.79,1548.64,74864
1,281,253.33,1496.74,74945
1,291,260.37,1498.84,74829
1,301,277.51,1491.44,74632
1,311,259.62,1533.75,74593
1,321,258.86,1496.30,74500
1,331,261.89,1492.75,74594
1,341,255.47,1490.51,74680
1,351,256.04,1533.44,74996
1,361,278.06,1540.86,74906
1,371,257.57,1505.95,74890
1,381,279.77,1583.52,74472
1,391,253.85,1529.09,74170
1,401,250.50,1507.96,74765
1,411,257.47,1490.41,74712
1,421,256.23,1498.26,74431
1,431,276.16,1506.46,74693
1,441,255.94,1493.73,74581
1,451,267.09,1540.30,74718
1,461,249.38,1499.20,74821
1,471,259.51,1498.07,74405
1,481,251.26,1590.45,74920
1,491,253.25,1549.23,74728
2,1,657.13,1338.12,33076
2,11,328.63,1615.59,103395
2,21,245.62,1544.86,100146
2,31,244.41,1498.27,99736
2,41,238.07,1481.27,99964
2,51,239.25,1506.14,100039
2,61,239.80,1532.84,99887
2,71,240.47,1542.83,99891
2,81,240.27,1500.66,100145
2,91,237.09,1495.51,99858
2,101,238.94,1502.05,99550
2,111,239.90,1492.72,99905
2,121,237.92,1548.34,99969
2,131,237.58,1492.22,100138
2,141,240.03,1490.15,99734
2,151,240.07,1496.97,99862
2,161,237.70,1540.53,99861
2,171,239.76,1509.21,100071
2,181,237.81,1483.75,100044
2,191,240.43,1534.19,99960
2,201,238.64,1501.88,99558
2,211,238.27,1517.97,99952
2,221,239.10,1491.55,99903
2,231,237.11,1492.79,99931
2,241,239.12,1493.56,100288
2,251,237.98,1559.53,100327
2,261,237.95,1501.79,99803
2,271,237.27,1480.32,100001
2,281,237.69,1505.85,100272
2,291,239.07,1491.89,99771
2,301,238.99,1491.80,100122
2,311,241.16,1600.56,99752
2,321,238.96,1493.84,99787
2,331,237.69,1506.93,100114
2,341,237.12,1497.05,99288
2,351,237.24,1502.42,100093
2,361,238.67,1547.34,99969
2,371,237.55,1492.02,99896
2,381,239.13,1492.11,99944
2,391,239.96,1557.14,99952
2,401,238.76,1496.46,100384
2,411,235.49,1490.77,99690
2,421,239.54,1490.12,100234
2,431,238.06,1532.21,100082
2,441,235.78,1492.23,99798
2,451,235.79,1485.44,100177
2,461,238.01,1496.65,100173
2,471,236.75,1587.48,99761
2,481,235.48,1496.77,99263
2,491,240.47,1497.54,99894
3,1,670.56,1357.54,30056
3,11,311.70,1564.68,131340
3,21,271.91,1566.17,136604
3,31,276.20,1568.90,138568
3,41,264.26,1568.33,138448
3,51,270.03,1572.46,138937
3,61,274.49,1572.07,138860
3,71,267.98,1570.98,138550
3,81,274.59,1570.03,138726
3,91,274.89,1569.12,139231
3,101,273.34,1571.49,138771
3,111,271.63,1568.84,138670
3,121,275.15,1568.74,138931
3,131,259.46,1570.08,138860
3,141,265.08,1568.24,138769
3,151,273.32,1570.47,138470
3,161,272.33,1566.42,138558
3,171,271.30,1569.12,138743
3,181,274.91,1571.83,138795
3,191,273.93,1574.73,138661
3,201,261.83,1568.05,138458
3,211,276.51,1568.67,138622
3,221,270.89,1568.52,138688
3,231,267.86,1569.78,138464
3,241,274.70,1569.35,138647
3,251,270.55,1572.75,138579
3,261,273.99,1572.05,138529
3,271,274.70,1572.76,138556
3,281,273.86,1567.51,138924
3,291,272.15,1568.06,138722
3,301,275.90,1571.32,138449
3,311,274.37,1569.80,138454
3,321,273.17,1567.84,138434
3,331,267.47,1567.66,138411
3,341,272.74,1567.12,138763
3,351,267.97,1571.24,139165
3,361,273.68,1568.32,139159
3,371,271.91,1568.78,138942
3,381,269.51,1571.44,138495
3,391,275.64,1570.59,138691
3,401,272.88,1569.84,138575
3,411,268.87,1567.44,138961
3,421,266.06,1567.99,138271
3,431,265.47,1573.08,138710
3,441,270.68,1569.49,138608
3,451,271.48,1573.48,138317
3,461,268.46,1567.68,138926
3,471,276.22,1567.61,138636
3,481,267.66,1570.82,138372
3,491,270.37,1570.45,138827
4,1,680.95,1365.41,28005
4,11,297.48,1501.26,160065
4,21,252.85,1500.15,160090
4,31,220.16,1501.80,162479
4,41,226.79,1500.97,162649
4,51,215.39,1497.86,162550
4,61,235.52,1501.08,162236
4,71,235.74,1499.91,162467
4,81,211.85,1497.34,162590
4,91,213.75,1498.91,162982
4,101,236.27,1501.97,162782
4,111,238.48,1498.89,162167
4,121,213.80,1499.12,162009
4,131,231.36,1499.60,162778
4,141,210.02,1498.18,162912
4,151,237.46,1501.58,162653
4,161,235.45,1498.68,162133
4,171,210.63,1502.52,162429
4,181,213.98,1499.04,162442
4,191,213.55,1503.16,162067
4,201,239.95,1499.34,162747
4,211,214.23,1505.26,162596
4,221,212.23,1499.10,162052
4,231,238.92,1500.48,162102
4,241,238.34,1497.70,162913
4,251,238.07,1494.61,162634
4,261,236.32,1498.51,162218
4,271,231.72,1501.78,162530
4,281,213.56,1500.23,162686
4,291,234.94,1501.18,162515
4,301,228.91,1501.74,162647
4,311,209.24,1497.31,161959
4,321,209.90,1503.94,162641
4,331,236.18,1502.83,162649
4,341,208.13,1498.56,162371
4,351,213.49,1501.12,162566
4,361,219.97,1495.88,162201
4,371,239.07,1501.11,162551
4,381,214.05,1497.06,162583
4,391,227.67,1501.25,162653
4,401,237.23,1493.24,162758
4,411,228.08,1501.54,162294
4,421,213.92,1498.44,162254
4,431,210.52,1498.50,162562
4,441,214.28,1498.62,162140
4,451,229.39,1503.81,162243
4,461,236.30,1499.68,162396
4,471,238.42,1503.89,162826
4,481,237.53,1503.23,162873
4,491,234.91,1496.30,163003
5,1,683.63,1359.24,27826
5,11,307.52,1423.07,188917
5,21,252.72,1419.34,196006
5,31,232.69,1415.46,196539
5,41,234.11,1419.12,196936
5,51,229.50,1420.38,196970
5,61,233.85,1420.42,196149
5,71,233.61,1419.07,197415
5,81,231.67,1417.74,196854
5,91,232.88,1416.80,197123
5,101,230.97,1416.56,197027
5,111,234.73,1419.14,196927
5,121,232.32,1416.38,196922
5,131,232.62,1420.51,196350
5,141,230.42,1422.47,196628
5,151,232.69,1418.73,196906
5,161,236.46,1417.19,196468
5,171,233.07,1415.54,196602
5,181,234.22,1413.78,196972
5,191,233.10,1417.75,197059
5,201,233.87,1414.69,197409
5,211,229.61,1418.56,196806
5,221,230.75,1416.36,197226
5,231,232.91,1419.75,197512
5,241,230.65,1417.50,196405
5,251,232.59,1414.58,196680
5,261,234.77,1415.45,196689
5,271,232.37,1415.62,196398
5,281,232.10,1418.27,197326
5,291,233.45,1414.22,197263
5,301,231.53,1415.84,197464
5,311,231.49,1418.15,196559
5,321,233.35,1417.47,196661
5,331,235.31,1422.91,197303
5,341,236.23,1419.59,197221
5,351,232.03,1417.21,196567
5,361,231.65,1412.65,197210
5,371,233.58,1417.05,196845
5,381,235.05,1422.19,196793
5,391,238.53,1417.63,196720
5,401,233.51,1415.96,196376
5,411,234.30,1415.54,196540
5,421,230.67,1416.89,197135
5,431,230.10,1421.46,196485
5,441,229.44,1418.18,196361
5,451,229.18,1419.47,196574
5,461,236.16,1420.19,196282
5,471,235.32,1418.17,196915
5,481,230.03,1416.06,196384
5,491,230.37,1416.80,197460
6,1,689.12,1367.93,27826
6,11,295.46,1358.79,216330
6,21,231.27,1365.56,222963
6,31,205.21,1362.01,223422
6,41,189.40,1361.30,223644
6,51,190.64,1360.17,222806
6,61,197.28,1361.36,223382
6,71,204.20,1362.04,223282
6,81,196.03,1360.75,223603
6,91,195.84,1362.26,223338
6,101,190.95,1360.30,223871
6,111,208.47,1362.71,223415
6,121,227.29,1360.19,223576
6,131,194.96,1363.27,223822
6,141,196.69,1361.27,223482
6,151,195.72,1362.36,223105
6,161,202.26,1360.45,223132
6,171,199.25,1360.91,223241
6,181,195.24,1362.59,223324
6,191,195.31,1362.11,223875
6,201,227.75,1362.22,223898
6,211,197.52,1360.91,223657
6,221,189.04,1359.49,223247
6,231,203.88,1363.16,223193
6,241,196.09,1360.89,223704
6,251,193.04,1361.85,223357
6,261,209.19,1361.82,223410
6,271,201.84,1362.14,223492
6,281,195.04,1362.25,223432
6,291,199.04,1361.86,223307
6,301,195.71,1362.58,223005
6,311,201.42,1360.48,223520
6,321,192.55,1362.68,223439
6,331,198.36,1361.36,223555
6,341,195.98,1362.76,223405
6,351,201.02,1361.22,223321
6,361,228.70,1361.16,223946
6,371,199.25,1361.54,223994
6,381,196.74,1361.10,223258
6,391,203.07,1362.53,224229
6,401,198.39,1362.37,223799
6,411,188.79,1359.66,223792
6,421,191.57,1360.50,224145
6,431,194.77,1361.42,223954
6,441,206.27,1360.54,223221
6,451,203.24,1361.66,223305
6,461,203.26,1360.67,223167
6,471,196.23,1363.26,222555
6,481,195.32,1363.25,223417
6,491,201.90,1361.47,223405
7,1,687.11,1364.96,27890
7,11,279.70,1343.02,246477
7,21,223.43,1342.16,250617
7,31,211.30,1339.77,250587
7,41,211.74,1339.12,250814
7,51,208.17,1339.60,250297
7,61,212.82,1340.18,250906
7,71,209.31,1338.66,251026
7,81,208.25,1339.47,251248
7,91,212.71,1338.63,250668
7,101,212.56,1340.15,250493
7,111,209.97,1338.50,249909
7,121,212.20,1340.65,250090
7,131,213.45,1341.03,250040
7,141,213.38,1340.18,250453
7,151,210.00,1339.07,250982
7,161,213.00,1339.18,250598
7,171,212.72,1339.07,251325
7,181,211.72,1338.95,250490
7,191,210.20,1338.45,250597
7,201,213.18,1339.91,250662
7,211,208.22,1337.93,251069
7,221,214.37,1338.90,251303
7,231,209.85,1340.09,250260
7,241,211.89,1339.10,250215
7,251,211.10,1338.91,250891
7,261,211.31,1339.94,250882
7,271,214.07,1337.35,250675
7,281,210.41,1339.59,250887
7,291,210.80,1338.42,250796
7,301,211.02,1340.03,249990
7,311,209.99,1340.25,250333
7,321,212.68,1339.37,250028
7,331,212.10,1338.95,250488
7,341,212.60,1337.79,250957
7,351,211.58,1340.59,250613
7,361,210.80,1340.11,251296
7,371,211.02,1340.11,250990
7,381,211.48,1340.00,250536
7,391,210.78,1338.82,250610
7,401,207.47,1339.43,250568
7,411,211.97,1338.66,249792
7,421,209.47,1340.04,250611
7,431,210.21,1338.04,250449
7,441,209.76,1338.05,250626
7,451,213.78,1339.71,250717
7,461,210.23,1340.22,250593
7,471,211.83,1339.52,250844
7,481,212.64,1340.53,250552
7,491,212.33,1338.90,250950
8,1,686.70,1366.50,27879
8,11,247.73,1335.89,267380
8,21,224.16,1317.61,279773
8,31,216.02,1316.00,278845
8,41,215.02,1315.98,279096
8,51,215.59,1316.47,278984
8,61,214.85,1317.89,279396
8,71,213.92,1317.06,279013
8,81,215.41,1315.43,278939
8,91,215.42,1316.17,279381
8,101,214.86,1316.39,279683
8,111,214.11,1316.72,279422
8,121,214.58,1316.53,279098
8,131,215.35,1317.43,279032
8,141,214.37,1316.85,278504
8,151,214.91,1316.41,278558
8,161,215.59,1317.00,279333
8,171,214.16,1317.34,278763
8,181,215.66,1318.32,278694
8,191,214.45,1315.85,279640
8,201,215.87,1315.83,279205
8,211,214.99,1317.26,279560
8,221,215.63,1316.88,278757
8,231,214.61,1317.30,279090
8,241,215.17,1316.47,279498
8,251,214.92,1315.98,279454
8,261,215.12,1316.16,280105
8,271,215.75,1317.20,279244
8,281,214.63,1316.53,278873
8,291,214.20,1316.41,279166
8,301,215.28,1316.27,279138
8,311,214.17,1316.43,278446
8,321,214.34,1316.60,279270
8,331,215.54,1316.67,278644
8,341,214.16,1317.30,279430
8,351,213.15,1318.25,279282
8,361,214.81,1316.19,278955
8,371,214.08,1316.23,279476
8,381,215.25,1316.96,279453
8,391,215.44,1316.39,279182
8,401,213.33,1317.32,279979
8,411,215.49,1316.49,278741
8,421,214.64,1316.63,279295
8,431,215.71,1316.19,278775
8,441,214.47,1317.07,280074
8,451,214.59,1317.83,278878
8,461,214.89,1316.04,279472
8,471,215.43,1316.39,279660
8,481,214.93,1316.25,279366
8,491,214.60,1316.65,278850
9,1,688.23,1366.44,27877
9,11,268.99,1288.02,283121
9,21,208.02,1307.65,306803
9,31,210.11,1303.41,305801
9,41,208.94,1303.47,305317
9,51,208.94,1304.02,305855
9,61,210.61,1303.77,305347
9,71,210.54,1303.39,305574
9,81,210.57,1303.21,305649
9,91,210.57,1303.86,305916
9,101,210.83,1304.08,305349
9,111,209.39,1303.10,306063
9,121,209.00,1303.30,305327
9,131,210.92,1303.53,306146
9,141,208.96,1302.65,305358
9,151,209.83,1303.78,305304
9,161,210.93,1302.73,305744
9,171,209.86,1304.05,306510
9,181,208.24,1304.22,305994
9,191,210.62,1303.74,305305
9,201,209.38,1302.14,305618
9,211,208.86,1304.28,305950
9,221,209.29,1303.82,306093
9,231,209.92,1303.43,305685
9,241,210.37,1303.16,306275
9,251,209.84,1303.40,305277
9,261,211.78,1304.06,305514
9,271,210.75,1303.13,305603
9,281,209.54,1303.12,305786
9,291,209.80,1304.40,305702
9,301,210.09,1303.99,305778
9,311,210.87,1303.02,305893
9,321,210.27,1303.55,305515
9,331,210.14,1302.96,306168
9,341,210.48,1304.33,305855
9,351,210.28,1303.89,305744
9,361,210.39,1303.45,306746
9,371,210.45,1303.07,305592
9,381,210.32,1302.26,306285
9,391,210.59,1303.68,305564
9,401,209.63,1303.09,306159
9,411,209.61,1303.90,305382
9,421,207.95,1302.53,305406
9,431,210.10,1303.95,305921
9,441,210.62,1303.92,306661
9,451,208.82,1303.48,305548
9,461,209.11,1303.51,305896
9,471,210.30,1303.29,305681
9,481,208.90,1304.48,305414
9,491,210.37,1303.73,305547
10,1,689.84,1367.14,27885
10,11,292.22,1252.45,301024
10,21,212.57,1277.50,328232
10,31,206.44,1279.13,329095
10,41,206.00,1277.80,329157
10,51,206.86,1278.19,328932
10,61,205.61,1277.45,329071
10,71,206.20,1276.63,329314
10,81,207.06,1278.29,328740
10,91,207.25,1277.63,329649
10,101,207.28,1277.16,329513
10,111,205.82,1279.15,329448
10,121,206.50,1275.80,329688
10,131,207.41,1277.52,329273
10,141,207.02,1278.22,328892
10,151,206.94,1275.78,328973
10,161,206.78,1277.92,329356
10,171,206.10,1278.19,328765
10,181,206.28,1276.74,328707
10,191,206.76,1276.27,329450
10,201,205.67,1278.20,329508
10,211,207.13,1276.82,328911
10,221,207.06,1276.51,328567
10,231,207.23,1276.91,329712
10,241,206.80,1278.27,329462
10,251,206.68,1276.87,328961
10,261,206.33,1277.03,329350
10,271,205.91,1276.24,329337
10,281,206.20,1277.29,329539
10,291,206.78,1276.15,329738
10,301,205.55,1276.88,328653
10,311,205.52,1277.36,329650
10,321,205.95,1277.86,328982
10,331,206.01,1278.25,329180
10,341,205.93,1278.69,329218
10,351,206.08,1278.21,328947
10,361,206.38,1275.20,328668
10,371,205.53,1276.00,329528
10,381,205.16,1279.79,329064
10,391,207.11,1277.72,329715
10,401,206.49,1277.76,329159
10,411,205.59,1278.04,329827
10,421,206.48,1278.30,329813
10,431,205.97,1278.35,328748
10,441,206.32,1277.04,328954
10,451,206.36,1279.58,328919
10,461,207.27,1275.80,328926
10,471,206.07,1276.74,329420
10,481,205.88,1277.81,329972
10,491,206.90,1277.00,329338
11,1,688.46,1366.69,27882
11,11,307.66,1229.66,316563
11,21,222.81,1243.66,346174
11,31,219.38,1240.11,349486
11,41,218.43,1242.03,348903
11,51,218.38,1240.54,349201
11,61,218.77,1241.26,350070
11,71,218.26,1240.38,349558
11,81,219.11,1240.48,350189
11,91,218.07,1239.88,349508
11,101,218.18,1239.91,349436
11,111,219.51,1240.56,349745
11,121,219.24,1240.60,349810
11,131,218.49,1241.01,349551
11,141,218.64,1239.93,349819
11,151,218.72,1239.76,349203
11,161,218.85,1239.94,349781
11,171,219.36,1241.02,349426
11,181,218.68,1239.45,349859
11,191,219.02,1239.88,350008
11,201,218.03,1240.40,349765
11,211,218.09,1241.09,349822
11,221,218.89,1240.83,350022
11,231,218.08,1240.18,349117
11,241,218.13,1240.16,349730
11,251,217.76,1241.00,349525
11,261,218.25,1240.54,349591
11,271,219.11,1240.69,350121
11,281,218.39,1241.28,349766
11,291,219.12,1240.84,349481
11,301,217.47,1240.79,349444
11,311,218.07,1239.16,349548
11,321,218.06,1240.92,349654
11,331,219.43,1240.10,349936
11,341,218.26,1239.29,350644
11,351,218.48,1240.18,349551
11,361,219.01,1241.12,349750
11,371,218.19,1241.01,349252
11,381,218.58,1239.98,349825
11,391,218.19,1241.42,349547
11,401,218.96,1240.84,349516
11,411,217.97,1241.03,349488
11,421,219.78,1240.66,349526
11,431,218.46,1240.10,350066
11,441,218.80,1241.28,349535
11,451,219.10,1239.36,349232
11,461,218.49,1240.52,349213
11,471,218.00,1240.51,349537
11,481,218.51,1240.09,349838
11,491,218.89,1240.31,349561
12,1,687.29,1366.15,27880
12,11,321.34,1200.92,336070
12,21,236.32,1217.02,364253
12,31,231.32,1211.03,368371
12,41,230.55,1211.96,368369
12,51,231.03,1211.24,368550
12,61,230.49,1212.25,368652
12,71,230.17,1211.88,368358
12,81,230.39,1210.17,368989
12,91,230.37,1211.39,368400
12,101,229.78,1211.65,368346
12,111,230.12,1211.48,368603
12,121,230.02,1212.30,367718
12,131,231.00,1211.02,368117
12,141,230.08,1211.87,368312
12,151,230.01,1211.28,368016
12,161,229.09,1211.92,368810
12,171,229.99,1211.05,368482
12,181,229.95,1211.20,368608
12,191,230.90,1210.82,368154
12,201,230.11,1211.28,368427
12,211,229.79,1210.80,368022
12,221,231.00,1211.49,367247
12,231,230.99,1211.34,368662
12,241,230.55,1211.13,368717
12,251,230.81,1211.96,368143
12,261,229.90,1210.51,368299
12,271,230.18,1211.29,368255
12,281,230.63,1211.33,368323
12,291,231.00,1211.50,368172
12,301,230.16,1211.03,368083
12,311,229.78,1212.13,368848
12,321,230.04,1210.18,368508
12,331,230.25,1212.67,368238
12,341,230.84,1210.07,368297
12,351,230.17,1211.88,368393
12,361,230.29,1211.58,368369
12,371,230.76,1210.50,368878
12,381,230.93,1210.46,367909
12,391,230.72,1211.10,368381
12,401,231.09,1211.01,368399
12,411,230.38,1211.04,368317
12,421,230.56,1213.47,368280
12,431,230.12,1211.72,368077
12,441,230.77,1211.64,368194
12,451,230.99,1211.83,367936
12,461,229.76,1212.01,368293
12,471,229.80,1212.69,368281
12,481,229.94,1211.83,368659
12,491,230.83,1209.94,367700
13,1,688.04,1366.32,27882
13,11,312.20,1196.78,338466
13,21,246.20,1192.95,380296
13,31,244.00,1186.60,385939
13,41,243.45,1186.58,386409
13,51,243.40,1187.13,385672
13,61,243.74,1186.82,386303
13,71,243.30,1186.73,386167
13,81,244.20,1185.22,385711
13,91,243.70,1186.38,385819
13,101,243.94,1185.89,385311
13,111,243.17,1185.51,386075
13,121,243.34,1187.67,385812
13,131,243.93,1186.70,385417
13,141,243.35,1186.65,386203
13,151,243.79,1186.81,385688
13,161,243.60,1185.06,385968
13,171,244.24,1187.02,385562
13,181,243.15,1187.19,386421
13,191,244.08,1186.61,385701
13,201,243.05,1185.72,386768
13,211,243.83,1187.74,385416
13,221,243.60,1185.39,386364
13,231,244.04,1186.11,385003
13,241,244.11,1186.12,385850
13,251,242.89,1187.23,386438
13,261,243.27,1187.27,386147
13,271,243.02,1187.22,386057
13,281,242.58,1188.06,386497
13,291,244.27,1187.14,385798
13,301,244.10,1186.96,385574
13,311,243.65,1187.02,385719
13,321,243.40,1186.11,386025
13,331,244.32,1185.82,386073
13,341,243.59,1186.32,385961
13,351,243.96,1185.97,386083
13,361,244.48,1187.00,385293
13,371,243.16,1186.89,385749
13,381,244.15,1187.28,384972
13,391,243.26,1187.23,385613
13,401,243.06,1185.97,386088
13,411,243.76,1187.26,385869
13,421,244.01,1186.17,385669
13,431,242.56,1187.26,387003
13,441,243.37,1187.08,386243
13,451,243.59,1186.17,385830
13,461,243.30,1187.13,385971
13,471,243.52,1187.20,385704
13,481,243.75,1187.49,385974
13,491,243.44,1187.37,386140
14,1,687.88,1366.84,27872
14,11,313.05,1197.24,338355
14,21,257.67,1167.20,395474
14,31,255.18,1159.51,403845
14,41,254.40,1159.64,403783
14,51,254.03,1158.69,403881
14,61,255.01,1158.59,403781
14,71,254.39,1158.66,404348
14,81,254.40,1159.79,404108
14,91,254.55,1158.52,403656
14,101,253.91,1160.06,404123
14,111,254.73,1158.97,403965
14,121,254.10,1158.71,404103
14,131,253.96,1159.86,404303
14,141,254.07,1158.62,404264
14,151,255.08,1157.47,403525
14,161,254.20,1158.92,403849
14,171,253.35,1158.47,404086
14,181,254.93,1160.03,403526
14,191,253.91,1159.07,403711
14,201,254.23,1159.36,404040
14,211,253.60,1158.71,403665
14,221,254.00,1159.75,404046
14,231,255.23,1159.73,403262
14,241,253.74,1160.18,403953
14,251,253.92,1158.24,404443
14,261,254.22,1158.16,404344
14,271,254.06,1157.93,403916
14,281,254.16,1157.84,404088
14,291,254.59,1159.08,403711
14,301,253.73,1160.03,403880
14,311,254.24,1160.90,403780
14,321,253.31,1158.74,404762
14,331,254.82,1156.40,403828
14,341,254.21,1158.94,404382
14,351,254.05,1158.45,404169
14,361,253.61,1157.93,403683
14,371,254.70,1160.06,403441
14,381,254.08,1159.85,403859
14,391,254.64,1160.76,403189
14,401,254.72,1158.89,403865
14,411,254.62,1158.26,403439
14,421,253.93,1158.71,403865
14,431,255.26,1158.40,403515
14,441,253.52,1158.27,404613
14,451,253.78,1157.82,404481
14,461,254.34,1159.08,403843
14,471,254.03,1160.41,404443
14,481,254.05,1158.82,403886
14,491,253.92,1159.10,403764
15,1,688.82,1367.34,27878
15,11,311.57,1197.16,338660
15,21,267.65,1143.88,412843
15,31,264.05,1128.33,422107
15,41,263.60,1129.81,422030
15,51,263.56,1130.01,421946
15,61,263.20,1128.39,422465
15,71,262.93,1129.21,422211
15,81,263.43,1128.15,422537
15,91,262.54,1129.43,422316
15,101,263.96,1130.58,422776
15,111,263.26,1128.58,422716
15,121,262.85,1128.40,422492
15,131,264.19,1128.05,421896
15,141,262.69,1129.65,422925
15,151,262.89,1128.15,423122
15,161,263.57,1127.73,422321
15,171,263.60,1129.90,423175
15,181,263.00,1127.88,422545
15,191,263.80,1128.02,422023
15,201,262.34,1126.06,422886
15,211,263.15,1127.03,422741
15,221,262.81,1128.61,422310
15,231,263.19,1127.85,422493
15,241,263.23,1127.76,422085
15,251,263.45,1128.56,421803
15,261,262.58,1127.96,422603
15,271,263.81,1128.83,423039
15,281,262.87,1128.38,422473
15,291,262.97,1126.72,422364
15,301,262.92,1128.63,422430
15,311,262.72,1129.48,422891
15,321,263.58,1129.21,422652
15,331,263.13,1127.73,422091
15,341,263.84,1127.03,422275
15,351,264.10,1127.33,422549
15,361,264.63,1127.63,422019
15,371,262.64,1128.77,422993
15,381,263.42,1127.80,422359
15,391,263.12,1130.92,422688
15,401,263.17,1129.14,422331
15,411,263.55,1126.83,422133
15,421,262.87,1127.60,422888
15,431,262.34,1128.54,422512
15,441,263.09,1127.74,422910
15,451,263.27,1128.07,422134
15,461,263.10,1128.44,422176
15,471,263.16,1128.27,422455
15,481,263.10,1129.46,422287
15,491,263.31,1128.42,421929
16,1,686.78,1366.01,27879
16,11,310.23,1196.59,338729
16,21,275.05,1104.58,430009
16,31,269.66,1087.97,441079
16,41,269.99,1083.26,442064
16,51,269.78,1084.41,441845
16,61,270.12,1081.34,441355
16,71,269.44,1081.76,442127
16,81,269.24,1081.80,442550
16,91,270.06,1081.00,441645
16,101,270.31,1085.50,441616
16,111,270.12,1080.61,441781
16,121,269.94,1083.61,441284
16,131,269.81,1080.87,442237
16,141,269.21,1081.34,441059
16,151,269.33,1079.19,441040
16,161,269.29,1083.66,441719
16,171,269.39,1082.99,442648
16,181,269.01,1081.36,442253
16,191,269.80,1083.72,441477
16,201,269.48,1084.35,442190
16,211,270.06,1082.22,440998
16,221,269.59,1080.28,441510
16,231,269.57,1083.10,441317
16,241,269.45,1084.02,442008
16,251,269.59,1082.14,441900
16,261,269.27,1083.71,441833
16,271,269.91,1082.31,442507
16,281,270.08,1082.16,441228
16,291,269.93,1083.04,441874
16,301,270.43,1081.36,441427
16,311,270.31,1081.78,441938
16,321,269.62,1081.51,441715
16,331,269.60,1085.24,441789
16,341,268.79,1082.67,441882
16,351,269.39,1085.17,442387
16,361,269.09,1082.22,442476
16,371,269.29,1083.95,441801
16,381,269.49,1082.73,441994
16,391,270.00,1081.54,441988
16,401,269.53,1081.70,441482
16,411,269.82,1083.44,442011
16,421,269.23,1081.13,442065
16,431,268.64,1081.79,442300
16,441,269.37,1082.14,441704
16,451,269.36,1081.94,441812
16,461,268.69,1082.87,442338
16,471,269.25,1082.93,442095
16,481,269.48,1082.97,441786
16,491,270.05,1082.26,441939
17,1,688.51,1366.55,27881
17,11,312.11,1197.20,338176
17,21,280.87,1054.74,451029
17,31,275.25,1036.28,459727
17,41,273.85,1033.29,460982
17,51,273.79,1031.72,460941
17,61,274.16,1027.41,460557
17,71,274.10,1026.21,461150
17,81,273.87,1031.54,461468
17,91,273.52,1030.21,461289
17,101,273.88,1033.73,461359
17,111,274.27,1031.95,460770
17,121,273.70,1029.66,461340
17,131,273.77,1032.88,461438
17,141,273.98,1029.02,461142
17,151,273.71,1033.53,461633
17,161,273.76,1031.45,460901
17,171,273.45,1029.52,461760
17,181,273.89,1031.13,461284
17,191,273.97,1029.88,461578
17,201,273.89,1030.59,461247
17,211,274.41,1027.60,461212
17,221,273.94,1029.95,460966
17,231,274.16,1029.82,461037
17,241,273.46,1031.00,461234
17,251,274.27,1030.48,461671
17,261,273.94,1032.73,461650
17,271,274.49,1030.08,461288
17,281,273.84,1032.11,461805
17,291,273.59,1029.52,461397
17,301,273.87,1029.12,461406
17,311,273.59,1029.15,460856
17,321,273.87,1033.27,461573
17,331,274.57,1031.28,461387
17,341,274.52,1031.90,460960
17,351,274.27,1032.81,461348
17,361,274.33,1031.32,460701
17,371,274.32,1034.48,461089
17,381,273.81,1029.10,461344
17,391,273.53,1029.36,461084
17,401,273.51,1029.54,461279
17,411,274.74,1031.86,461270
17,421,273.46,1031.63,462168
17,431,274.04,1029.42,460995
17,441,274.19,1026.84,460832
17,451,273.86,1030.50,461204
17,461,273.70,1029.36,461668
17,471,273.60,1029.11,461343
17,481,274.21,1030.95,461031
17,491,274.03,1032.07,461541
18,1,688.84,1367.07,27880
18,11,311.88,1197.40,339015
18,21,283.34,989.08,471376
18,31,277.06,974.70,478751
18,41,275.26,965.67,481147
18,51,275.47,967.68,480383
18,61,274.97,964.95,481088
18,71,275.32,966.79,481293
18,81,275.20,966.10,481207
18,91,274.85,966.51,481303
18,101,274.84,967.87,481139
18,111,275.15,961.65,481153
18,121,275.68,968.94,480911
18,131,275.57,961.92,481023
18,141,275.06,967.45,480941
18,151,275.00,964.29,481156
18,161,275.42,966.73,481214
18,171,275.27,967.86,480945
18,181,274.85,963.52,480998
18,191,275.06,964.83,481002
18,201,275.22,963.23,480764
18,211,275.73,965.90,480858
18,221,275.50,964.37,480874
18,231,274.63,963.70,480856
18,241,275.36,964.56,480215
18,251,275.40,965.97,480553
18,261,275.27,965.22,480879
18,271,275.03,969.13,480810
18,281,275.70,967.61,480729
18,291,274.80,961.64,480698
18,301,275.63,966.36,480795
18,311,275.32,965.49,481543
18,321,274.67,965.32,481284
18,331,274.86,964.64,481164
18,341,275.56,967.31,480519
18,351,274.98,968.02,481265
18,361,274.82,962.58,480975
18,371,274.97,965.22,480937
18,381,274.82,966.72,481933
18,391,275.26,965.16,481124
18,401,275.22,966.91,481489
18,411,275.12,965.26,479970
18,421,275.59,967.64,480415
18,431,275.89,969.35,480572
18,441,275.55,966.21,480641
18,451,275.10,965.07,480177
18,461,275.41,964.92,480514
18,471,274.87,965.21,480725
18,481,275.43,963.77,481117
18,491,275.78,966.88,480844
19,1,688.61,1366.62,27879
19,11,311.18,1196.81,338878
19,21,283.76,919.65,490627
19,31,277.23,923.07,495703
19,41,273.08,907.92,498642
19,51,274.28,912.05,498481
19,61,274.03,913.70,499418
19,71,273.11,907.24,499194
19,81,273.51,911.43,498727
19,91,273.33,910.82,499015
19,101,274.16,913.48,498909
19,111,274.40,911.75,499019
19,121,272.83,910.22,499509
19,131,273.92,913.42,499294
19,141,273.66,912.79,499120
19,151,274.00,912.31,499208
19,161,273.46,910.01,499338
19,171,273.79,915.57,499869
19,181,273.48,909.44,499237
19,191,273.83,912.68,498710
19,201,273.05,910.41,499301
19,211,274.04,913.85,498876
19,221,274.40,915.43,499208
19,231,273.73,910.29,499651
19,241,274.12,910.78,499208
19,251,273.45,912.81,499458
19,261,273.77,911.36,499968
19,271,273.84,914.15,498909
19,281,273.16,909.86,499363
19,291,273.78,907.82,499007
19,301,274.62,913.28,499095
19,311,274.06,911.76,499363
19,321,273.52,909.77,499593
19,331,274.64,911.07,498380
19,341,273.58,912.53,499355
19,351,273.60,911.36,499890
19,361,273.41,912.45,499300
19,371,273.70,912.64,499160
19,381,272.92,908.94,499390
19,391,273.60,909.29,499388
19,401,273.92,911.19,498905
19,411,273.36,910.25,498798
19,421,273.40,910.91,498877
19,431,273.50,911.89,499487
19,441,274.20,914.46,499177
19,451,273.83,909.95,499280
19,461,273.41,911.18,499598
19,471,274.13,912.30,499258
19,481,273.48,910.29,499013
19,491,273.64,913.48,499585
20,1,688.15,1366.58,27877
20,11,309.90,1196.30,338683
20,21,280.70,856.97,510647
20,31,272.95,864.31,517091
20,41,270.15,852.54,519161
20,51,269.43,851.25,519082
20,61,269.06,853.42,519029
20,71,268.36,851.29,519281
20,81,269.17,853.28,518711
20,91,269.10,848.98,518658
20,101,269.39,853.37,519816
20,111,270.24,852.65,519310
20,121,269.79,854.13,518571
20,131,269.90,853.36,518987
20,141,269.58,854.80,519050
20,151,270.11,855.09,518756
20,161,269.13,850.77,518884
20,171,269.82,856.42,518600
20,181,269.68,852.48,518577
20,191,269.80,854.76,518978
20,201,269.40,855.07,519232
20,211,268.71,851.38,518426
20,221,269.28,855.49,519109
20,231,270.24,853.71,518922
20,241,270.12,855.10,518842
20,251,269.81,855.77,518970
20,261,270.37,854.45,519287
20,271,268.95,853.42,519436
20,281,270.33,855.69,518800
20,291,269.62,853.38,518894
20,301,269.03,851.77,519208
20,311,270.48,854.65,518797
20,321,269.40,856.16,519252
20,331,270.48,855.73,518911
20,341,269.25,851.09,519779
20,351,269.70,856.70,519536
20,361,269.75,848.68,518395
20,371,269.95,854.44,518253
20,381,270.35,853.93,518547
20,391,269.52,853.79,519123
20,401,269.66,854.21,519175
20,411,270.08,851.59,519119
20,421,269.70,853.48,518636
20,431,269.47,853.22,518328
20,441,269.89,854.24,518800
20,451,268.98,853.11,519041
20,461,270.00,853.54,518263
20,471,269.74,853.52,518534
20,481,270.22,854.99,518834
20,491,270.50,855.15,519077
21,1,687.90,1367.09,27879
21,11,311.30,1196.59,338650
21,21,276.36,798.32,530442
21,31,266.68,806.25,535700
21,41,265.04,799.92,537800
21,51,264.35,799.88,537947
21,61,264.10,800.04,538146
21,71,263.42,797.21,538024
21,81,263.61,796.74,538099
21,91,264.10,801.83,538000
21,101,263.79,800.35,538130
21,111,264.55,799.34,538262
21,121,263.59,799.18,538342
21,131,264.59,801.45,537994
21,141,264.12,800.06,537777
21,151,263.37,800.01,538133
21,161,264.43,800.14,537480
21,171,264.05,799.32,538276
21,181,264.59,802.69,537949
21,191,263.75,798.55,538288
21,201,264.06,801.87,538295
21,211,264.44,799.47,537368
21,221,264.28,801.63,538221
21,231,264.74,804.13,538301
21,241,264.81,802.34,537925
21,251,263.76,801.13,538181
21,261,264.04,798.46,538321
21,271,264.34,801.30,538248
21,281,264.90,800.67,538077
21,291,264.08,800.39,538250
21,301,264.25,800.72,538099
21,311,264.24,801.18,538404
21,321,263.56,798.21,538246
21,331,263.38,796.92,538228
21,341,263.93,801.68,538004
21,351,264.34,800.55,537891
21,361,264.31,799.97,538199
21,371,263.71,800.72,537986
21,381,263.69,800.58,538047
21,391,263.35,798.38,538434
21,401,264.34,801.32,538413
21,411,263.91,798.94,537668
21,421,265.41,804.20,538001
21,431,263.53,797.12,538437
21,441,264.54,802.75,538247
21,451,263.65,798.96,538383
21,461,264.10,799.76,537425
21,471,263.57,799.87,538313
21,481,264.10,800.09,537376
21,491,263.17,795.08,537560
22,1,689.31,1367.41,27877
22,11,311.52,1196.50,338291
22,21,256.06,748.95,534531
22,31,260.14,759.26,554039
22,41,256.72,746.16,557316
22,51,256.95,747.12,557717
22,61,256.85,747.99,557725
22,71,256.76,747.08,557596
22,81,257.07,746.84,556916
22,91,257.50,747.51,557530
22,101,256.58,744.06,557960
22,111,255.98,741.45,557326
22,121,256.24,744.41,557755
22,131,256.60,747.78,557654
22,141,256.79,747.98,557926
22,151,257.36,747.46,557376
22,161,257.27,749.61,557437
22,171,256.35,743.39,557254
22,181,257.76,749.96,557706
22,191,256.65,748.92,557420
22,201,257.36,749.80,557658
22,211,257.63,746.68,557618
22,221,256.89,747.07,557283
22,231,256.10,745.72,558349
22,241,257.51,747.43,557214
22,251,257.43,748.42,556633
22,261,256.88,748.18,557265
22,271,256.29,745.13,558116
22,281,256.81,749.98,557489
22,291,256.84,745.43,557681
22,301,257.33,747.09,557235
22,311,256.77,746.48,557351
22,321,256.32,743.80,557193
22,331,256.90,746.69,558220
22,341,256.47,748.37,557935
22,351,256.55,747.05,557980
22,361,256.74,747.95,557823
22,371,257.33,747.77,557093
22,381,257.11,748.85,557737
22,391,256.77,745.50,557480
22,401,257.51,750.24,557828
22,411,256.63,745.37,558013
22,421,257.15,747.21,558060
22,431,257.37,748.73,557234
22,441,256.99,747.71,557784
22,451,256.58,744.73,557390
22,461,256.68,746.71,557947
22,471,256.67,745.69,556689
22,481,256.56,744.13,557605
22,491,256.64,745.67,557390
23,1,687.66,1365.81,27878
23,11,309.98,1196.89,339159
23,21,239.22,747.00,534737
23,31,252.20,706.63,574983
23,41,249.38,694.13,577358
23,51,250.54,694.59,577212
23,61,248.66,691.43,577759
23,71,249.74,695.88,577280
23,81,249.81,695.51,577681
23,91,248.70,691.42,577246
23,101,249.49,695.07,577473
23,111,249.43,691.17,576921
23,121,249.53,694.32,577027
23,131,249.68,695.49,577592
23,141,249.51,693.37,576845
23,151,249.22,691.62,577951
23,161,248.75,691.32,577893
23,171,249.67,691.58,577015
23,181,249.16,693.12,577164
23,191,249.18,691.73,576744
23,201,249.35,692.33,577526
23,211,249.44,695.80,577373
23,221,249.41,694.58,577116
23,231,248.94,690.63,577213
23,241,249.94,696.82,577692
23,251,248.74,690.33,577663
23,261,249.51,692.60,577131
23,271,249.92,693.38,576838
23,281,249.48,694.35,577155
23,291,249.25,693.16,577701
23,301,249.02,693.25,577631
23,311,249.80,695.35,576768
23,321,249.42,690.90,577424
23,331,249.40,694.31,577295
23,341,249.19,692.46,577220
23,351,249.20,693.19,577135
23,361,249.62,693.46,577219
23,371,248.99,689.38,577106
23,381,249.82,695.93,576688
23,391,250.09,698.70,577303
23,401,249.31,692.71,577614
23,411,249.20,693.50,577292
23,421,248.38,690.41,577486
23,431,248.87,693.51,577974
23,441,249.36,693.73,576801
23,451,249.26,692.54,577476
23,461,249.06,692.01,577631
23,471,249.49,692.02,577056
23,481,249.33,692.66,577610
23,491,249.65,694.78,577143
24,1,686.91,1365.13,27879
24,11,311.93,1196.37,338173
24,21,231.84,745.96,533986
24,31,243.26,650.21,595100
24,41,242.36,649.32,595458
24,51,241.93,649.27,595505
24,61,243.58,652.52,594932
24,71,242.69,650.03,595350
24,81,242.67,649.47,595341
24,91,242.40,648.44,596091
24,101,242.08,649.23,595068
24,111,241.50,647.36,595040
24,121,242.38,650.34,595554
24,131,242.52,649.77,595267
24,141,242.34,648.43,595623
24,151,241.91,649.21,595652
24,161,242.83,650.04,594963
24,171,242.32,651.24,595606
24,181,242.25,649.60,595598
24,191,242.79,650.73,595742
24,201,242.52,650.21,594968
24,211,241.49,647.94,595656
24,221,242.22,650.80,595790
24,231,241.84,648.71,595233
24,241,242.07,648.83,594986
24,251,241.43,647.95,595786
24,261,241.87,649.11,595881
24,271,242.90,650.42,594718
24,281,242.43,650.92,595910
24,291,241.99,648.60,595229
24,301,241.50,648.66,596057
24,311,242.78,649.33,595579
24,321,242.78,649.67,595257
24,331,242.64,650.86,595736
24,341,242.23,650.77,595759
24,351,241.98,648.89,595373
24,361,242.23,649.75,595712
24,371,242.92,651.59,595787
24,381,241.64,647.52,595965
24,391,240.95,647.93,596201
24,401,241.78,649.49,595187
24,411,242.14,649.84,595018
24,421,242.23,648.38,595535
24,431,242.46,649.38,595176
24,441,242.91,650.30,595283
24,451,242.48,649.77,595669
24,461,242.67,649.41,595247
24,471,243.24,651.09,595539
24,481,241.96,648.94,595137
24,491,242.16,649.54,595985
25,1,688.49,1367.25,27868
25,11,310.76,1195.32,338625
25,21,228.10,745.49,534066
25,31,235.59,622.90,614578
25,41,234.36,621.58,615531
25,51,235.11,622.23,614782
25,61,235.35,623.17,615506
25,71,234.33,621.61,615486
25,81,234.24,621.18,615539
25,91,234.69,621.67,615249
25,101,234.69,622.46,615070
25,111,235.39,623.44,615259
25,121,233.55,620.37,616135
25,131,234.54,622.28,615890
25,141,233.38,619.70,615676
25,151,235.21,622.92,615498
25,161,234.22,620.31,615618
25,171,234.62,621.34,615262
25,181,234.47,621.94,615722
25,191,234.38,621.44,614946
25,201,235.06,623.17,615356
25,211,234.78,622.24,615684
25,221,234.54,621.55,615738
25,231,234.06,620.71,615318
25,241,233.91,620.60,615293
25,251,234.41,621.73,615974
25,261,233.71,620.01,615840
25,271,234.62,622.62,615516
25,281,234.13,620.69,615755
25,291,235.59,623.87,616018
25,301,234.77,622.59,615835
25,311,234.68,622.18,615424
25,321,234.51,621.46,615693
25,331,234.36,620.60,615556
25,341,235.10,621.84,614671
25,351,235.09,622.10,614768
25,361,233.31,619.39,615192
25,371,234.52,621.06,615545
25,381,234.48,621.85,615384
25,391,234.18,620.79,615590
25,401,235.28,622.56,614687
25,411,234.21,621.77,615673
25,421,234.23,620.95,615622
25,431,234.50,621.75,615378
25,441,235.63,623.35,614956
25,451,235.13,622.60,614817
25,461,234.43,621.63,615974
25,471,233.70,621.32,616123
25,481,235.55,622.86,615754
25,491,234.38,621.36,615944
26,1,687.48,1365.84,27879
26,11,310.73,1195.69,338625
26,21,226.27,745.91,534705
26,31,226.57,593.84,635322
26,41,225.62,591.53,635652
26,51,225.64,593.31,635280
26,61,225.77,592.62,635613
26,71,225.84,591.40,635656
26,81,226.16,593.45,635333
26,91,226.51,594.22,635397
26,101,225.39,592.87,635839
26,111,225.28,593.11,635201
26,121,226.75,594.48,635799
26,131,225.83,593.08,635011
26,141,225.42,593.81,635606
26,151,225.71,593.48,635441
26,161,225.96,593.95,635393
26,171,226.07,593.55,635178
26,181,226.64,594.91,634605
26,191,225.52,592.41,635465
26,201,225.89,594.08,635922
26,211,225.65,592.80,635297
26,221,225.37,592.47,635582
26,231,226.24,594.79,635344
26,241,226.06,594.31,635465
26,251,224.92,591.05,636124
26,261,225.36,591.25,635219
26,271,224.94,591.43,635939
26,281,226.02,592.79,635984
26,291,224.82,591.50,635614
26,301,226.19,593.38,635106
26,311,225.85,592.75,635646
26,321,225.58,592.94,634959
26,331,225.49,592.00,636079
26,341,225.87,593.97,635437
26,351,225.36,592.47,635574
26,361,225.97,593.60,635883
26,371,226.27,593.75,635463
26,381,225.48,592.76,635479
26,391,225.40,593.19,635368
26,401,226.47,594.66,635476
26,411,226.13,595.07,635569
26,421,225.30,592.33,635603
26,431,225.42,591.77,634755
26,441,225.29,593.53,635663
26,451,226.12,592.59,635638
26,461,226.44,593.49,635086
26,471,226.38,594.36,635933
26,481,225.00,592.80,636076
26,491,225.86,593.25,635266
27,1,688.45,1366.81,27879
27,11,311.36,1196.51,338483
27,21,225.86,745.48,533954
27,31,216.90,565.30,655245
27,41,215.85,560.98,654686
27,51,215.68,561.67,655462
27,61,216.81,564.88,655528
27,71,216.83,564.52,655452
27,81,216.33,561.28,654847
27,91,215.49,562.24,655940
27,101,216.61,564.85,655720
27,111,216.10,560.60,655270
27,121,215.97,561.84,655636
27,131,216.74,562.76,655456
27,141,215.94,559.43,654950
27,151,216.54,563.52,655568
27,161,215.07,557.58,655370
27,171,216.80,566.30,655911
27,181,216.47,565.36,656422
27,191,216.65,563.11,654845
27,201,215.63,561.67,655265
27,211,216.17,563.37,655775
27,221,215.41,560.42,655179
27,231,216.47,564.89,655460
27,241,215.90,563.00,655649
27,251,216.27,563.23,655275
27,261,216.68,565.38,655394
27,271,216.45,562.61,654648
27,281,216.29,564.85,655311
27,291,216.77,565.36,655427
27,301,215.66,559.49,655000
27,311,216.29,563.38,655524
27,321,216.19,563.38,655506
27,331,216.43,563.38,655138
27,341,216.92,565.52,655221
27,351,216.63,564.75,655656
27,361,216.08,562.72,655431
27,371,216.84,567.08,655582
27,381,216.74,565.05,655157
27,391,216.19,563.82,655461
27,401,216.47,563.20,655328
27,411,216.21,563.85,655498
27,421,216.61,563.07,655479
27,431,216.18,562.99,655074
27,441,215.01,559.59,655290
27,451,217.07,565.53,654700
27,461,216.44,563.84,655862
27,471,217.53,566.69,655577
27,481,216.72,563.75,655702
27,491,216.86,565.53,655506
28,1,687.85,1366.71,27881
28,11,311.31,1195.71,338494
28,21,226.47,747.42,533798
28,31,206.21,518.49,674483
28,41,205.93,517.79,675241
28,51,204.80,515.13,675590
28,61,204.92,515.76,675312
28,71,205.09,516.82,675091
28,81,205.88,517.08,674775
28,91,204.87,515.18,675428
28,101,205.42,517.61,675367
28,111,205.77,520.43,675357
28,121,205.01,515.69,675447
28,131,205.37,516.63,675949
28,141,204.54,515.13,675171
28,151,204.72,516.57,676147
28,161,204.87,516.23,675521
28,171,205.20,515.61,675407
28,181,204.97,516.01,675063
28,191,205.17,516.28,674735
28,201,204.81,514.94,676046
28,211,204.90,514.71,675208
28,221,205.38,517.70,675225
28,231,204.72,515.04,675265
28,241,204.87,515.99,676492
28,251,204.39,515.21,675761
28,261,204.82,515.62,675249
28,271,205.07,515.35,675228
28,281,206.70,521.27,675226
28,291,204.82,515.76,675266
28,301,204.93,515.94,675304
28,311,205.12,517.16,674723
28,321,205.38,515.35,674889
28,331,205.44,516.73,674696
28,341,205.61,516.16,675009
28,351,204.69,514.35,675190
28,361,205.84,517.96,675049
28,371,205.09,515.81,675199
28,381,203.77,513.62,676078
28,391,204.57,514.88,675832
28,401,206.12,518.21,675220
28,411,205.22,517.04,675357
28,421,206.11,520.17,675536
28,431,205.26,516.66,675112
28,441,205.79,519.06,675713
28,451,205.25,517.41,675524
28,461,205.03,515.56,675103
28,471,204.55,514.90,675215
28,481,204.85,516.61,675875
28,491,205.18,516.86,675819
29,1,687.61,1366.25,27871
29,11,309.41,1195.21,339301
29,21,225.87,745.37,533467
29,31,191.36,477.74,687986
29,41,192.84,477.40,695279
29,51,193.97,481.25,695554
29,61,192.60,477.37,695476
29,71,192.84,478.75,695314
29,81,192.16,476.87,695618
29,91,192.76,476.26,695436
29,101,193.09,478.98,694983
29,111,192.99,477.22,695300
29,121,192.55,478.01,694969
29,131,191.36,473.65,694746
29,141,192.53,476.58,695405
29,151,193.20,478.59,695271
29,161,193.67,480.42,695658
29,171,192.72,479.24,695823
29,181,192.57,477.93,695164
29,191,192.70,478.53,695510
29,201,193.25,478.30,694799
29,211,193.02,477.18,695001
29,221,192.58,477.37,695082
29,231,193.34,477.61,695454
29,241,192.85,478.24,695701
29,251,193.32,478.71,694332
29,261,193.63,479.58,695377
29,271,193.50,479.62,695613
29,281,193.33,477.98,695230
29,291,193.46,480.46,695182
29,301,193.14,479.03,695256
29,311,193.11,479.74,695011
29,321,192.21,475.95,694803
29,331,192.40,474.77,695227
29,341,193.77,480.22,695728
29,351,192.89,476.69,694869
29,361,192.89,477.09,695160
29,371,193.02,477.54,694839
29,381,194.00,481.13,695179
29,391,192.93,478.69,696136
29,401,193.91,480.04,694819
29,411,192.32,477.79,695091
29,421,192.80,479.43,695268
29,431,193.88,480.09,695390
29,441,192.62,475.42,694784
29,451,193.37,479.26,694887
29,461,194.13,481.37,695116
29,471,193.09,479.66,695329
29,481,193.53,479.92,695309
29,491,192.32,476.64,695362
30,1,686.81,1365.88,27883
30,11,311.13,1196.31,338998
30,21,225.84,747.75,533670
30,31,175.49,448.47,687239
30,41,177.70,443.81,710237
30,51,177.62,443.41,710520
30,61,177.67,443.40,709621
30,71,177.56,443.83,708718
30,81,177.78,443.88,709709
30,91,176.85,442.64,708250
30,101,178.45,444.28,709828
30,111,176.91,442.65,709052
30,121,177.11,442.75,709371
30,131,177.80,444.25,709735
30,141,177.82,443.92,708751
30,151,177.96,444.68,710663
30,161,178.14,444.25,710474
30,171,176.78,442.96,708112
30,181,177.72,443.92,710593
30,191,177.71,444.09,709839
30,201,179.29,446.51,711223
30,211,178.01,443.88,709670
30,221,178.05,444.20,710594
30,231,176.76,442.55,708428
30,241,177.47,444.25,710236
30,251,177.15,442.58,709576
30,261,177.66,443.36,709099
30,271,177.63,442.94,709486
30,281,177.65,443.90,709535
30,291,178.52,444.32,710153
30,301,178.09,443.54,710205
30,311,178.19,443.89,709854
30,321,177.11,442.80,708465
30,331,179.60,445.61,710884
30,341,176.34,441.62,708579
30,351,177.27,443.56,709474
30,361,178.13,444.67,710090
30,371,177.80,443.49,709229
30,381,177.72,444.33,709951
30,391,176.48,442.19,709032
30,401,177.19,443.48,709496
30,411,178.13,444.68,709960
30,421,176.72,442.45,709249
30,431,178.14,444.58,710280
30,441,177.22,442.74,709194
30,451,176.03,441.74,708069
30,461,177.46,443.15,709254
30,471,178.08,444.70,709890
30,481,176.62,442.20,708982
30,491,178.86,444.78,711066
